!-new/README.md
.nojekyll
0-categories.md
0-journal.md
0-topics.md
00-commons/README.md
00-commons/artificial-intelligence/0-ai-journal.md
00-commons/artificial-intelligence/0-ai-tips.md
00-commons/artificial-intelligence/2025-07-28-what-is-original-work.md
00-commons/artificial-intelligence/README.md
00-commons/artificial-intelligence/chargpt-codex.md
00-commons/artificial-intelligence/coursera-deep-learning.md
00-commons/artificial-intelligence/github-copilot.md
00-commons/artificial-intelligence/google-course/01-google-generative-ai-learning-path.md
00-commons/artificial-intelligence/google-course/02-introduction-to-large-language-models.md
00-commons/artificial-intelligence/google-course/03-introduction-to-responsible-ai.md
00-commons/artificial-intelligence/google-course/04-generative-ai-fundamentals-quiz.md
00-commons/artificial-intelligence/google-course/05-introduction-to-image-generation.md
00-commons/artificial-intelligence/google-course/06-encoder-decoder-architecture-overview.md
00-commons/artificial-intelligence/google-course/07-attention-mechanism.md
00-commons/artificial-intelligence/google-course/08-create-image-captioning-models-overview.md
00-commons/artificial-intelligence/google-course/README.md
00-commons/artificial-intelligence/google-course/ransformer-models-and-bert-model.md
00-commons/prompts/0-ai-prompt-journal.md
00-commons/prompts/0-ai-prompt-tips.md
00-commons/prompts/2025-01-17-5-step-prompt.md
00-commons/prompts/2025-01-31-pocket-guide.md
00-commons/prompts/develop-idea/develop-an-idea.md
00-commons/prompts/examined-life/examined-life.md
00-commons/prompts/nate-jones/0-journal.md
00-commons/prompts/nate-jones/0-nate-jones.md
00-commons/prompts/nate-jones/1-nate-prompt-boilerplate.md
00-commons/prompts/nate-jones/Prompts-for-learning-AI/Version 1-Define-Your-AI-Learning-Goal.md
00-commons/prompts/nate-jones/Prompts-for-learning-AI/Version2- Just-Get-Me-Started.md
00-commons/prompts/nate-jones/The 39 Essential Prompts - Organized Edition.md
00-commons/prompts/nate-jones/digital-stakeholder-prompt.md
00-commons/prompts/nate-jones/perplexity-comet.md
00-commons/prompts/summary-book/2025-02-06-book-summary.md
00-commons/sflpars/1953-rowena-bean-inasmuch/1953-rowena-beans-inasmuch-history-sflpars.docx
00-commons/sflpars/1953-rowena-bean-inasmuch/1953-rowena-beans-inasmuch-history-sflpars.pdf
00-commons/sflpars/1953-rowena-bean-inasmuch/README.md
00-commons/sflpars/1953-rowena-bean-inasmuch/archive/1953-rowena-bean-inasmuch-ocr.pdf
00-commons/sflpars/1953-rowena-bean-inasmuch/archive/1953-rowena-bean-inasmuch-original-scan - Copy.pdf
00-commons/sflpars/1953-rowena-bean-inasmuch/archive/1953-rowena-bean-inasmuch-original-scan.pdf
00-commons/sflpars/1953-rowena-bean-inasmuch/archive/1953-rowena-bean-inasmuch.md
00-commons/sflpars/1953-rowena-bean-inasmuch/archive/1953-rowena-bean-inasmuch.pdf.docx
00-commons/sflpars/1953-rowena-bean-inasmuch/archive/1953-rowena-bean-inasmuch.pdf.txt
00-commons/sflpars/1953-rowena-bean-inasmuch/archive/1953-rowena-beans-inasmuch-history-sflpars-2023-03-20.docx
00-commons/sflpars/1953-rowena-bean-inasmuch/archive/1953-rowena-beans-inasmuch-history-sflpars-2023-03-22.docx
00-commons/sflpars/1953-rowena-bean-inasmuch/archive/1953-rowena-beans-inasmuch-history-sflpars2-023-03-20.pdf
00-commons/sflpars/1953-rowena-bean-inasmuch/images/1953-rowena-bean-inasmuch-original-scan-24.png
00-commons/sflpars/1953-rowena-bean-inasmuch/images/1953-rowena-bean-inasmuch-original-scan-71.png
00-commons/sflpars/1953-rowena-bean-inasmuch/images/1953-rowena-bean-inasmuch-original-scan_24.pdf
00-commons/sflpars/1953-rowena-bean-inasmuch/images/1953-rowena-bean-inasmuch-original-scan_71.pdf
00-commons/sflpars/2023-03-08-mary-linde-licensing-letter.pdf
00-commons/sflpars/2023-08-03-august-4-1853-sflp+rs.md
00-commons/sflpars/2023-08-04-august-4-1853-sflp+rs.md
00-commons/sflpars/README.md
00-commons/sflpars/README.md.pdf
00-commons/sflpars/readme.html
00-commons/sfpl/Driving Visit to SF Carnegie Libraries.docx
00-commons/sfpl/carnagie-libraries.md
00-commons/sfpl/images/MARINA_int_resize_0.jpg
00-commons/sfpl/images/MERCED_int_resize.jpg
00-commons/sfpl/images/MISSION_BAY_resize.jpg
00-commons/sfpl/images/MISSION_alt_resize.jpg
00-commons/sfpl/images/NOE_VALLEY_resize.jpg
00-commons/sfpl/images/NORTH_BEACH_resize.jpg
00-commons/sfpl/images/OCEAN_VIEW_resize.jpg
00-commons/sfpl/images/ORTEGA_resize.jpg
00-commons/sfpl/images/PARK_resize.jpg
00-commons/sfpl/images/mission-historic-photo.jpg
00-commons/sfpl/images/noe-valley-historic-photo.jpg
00-commons/sfpl/images/ortega-historic-photo.jpg
00-commons/sfpl/images/park-history-1.jpg
00-commons/sfpl/san-francisco-public-libraries.md
00-inspirations/0-inspirations.md
00-inspirations/01-general-reference/aphorisms.md
00-inspirations/02-culture-and-the-arts/beauty.md
00-inspirations/02-culture-and-the-arts/books-for-boys.md
00-inspirations/02-culture-and-the-arts/media-hype.md
00-inspirations/02-culture-and-the-arts/media/eeat-exoerience-expertise-authority-trust.md
00-inspirations/03-geography and places/finding-yourself-in-new-places.md
00-inspirations/04-health and fitness/psychology/happiness-hedonism.md
00-inspirations/04-health and fitness/psychology/health/cooking-cookbooks.md
00-inspirations/04-health and fitness/psychology/health/diet-nutrition.md
00-inspirations/04-health and fitness/psychology/meaning-of-life.md
00-inspirations/04-health and fitness/psychology/virtues.md
00-inspirations/05-history and events/lessons-learned.md
00-inspirations/05-history and events/standing-on-the-shoulders-of-giants.md
00-inspirations/06-human activities/communication-texting-vs-email.md
00-inspirations/06-human activities/projects/README.md
00-inspirations/06-human activities/projects/afterlife.md
00-inspirations/06-human activities/projects/checklists.md
00-inspirations/06-human activities/projects/features-and-benefits.md
00-inspirations/06-human activities/projects/features-benefits.md
00-inspirations/06-human activities/projects/gtd.md
00-inspirations/06-human activities/projects/mission-vision-values.html
00-inspirations/06-human activities/projects/mission-vision-values.md
00-inspirations/06-human activities/projects/project-definition-templates.md
00-inspirations/06-human activities/projects/weekly-review-template.md
00-inspirations/06-human activities/start-cheap-trade-up.md
00-inspirations/07-mathematics and logic/flatland.md
00-inspirations/09-people and self/simplicity/siimple-living.md
00-inspirations/10-philosophy and thinking/fallacies.md
00-inspirations/10-philosophy and thinking/parable-of-the-river.md
00-inspirations/10-philosophy and thinking/patterns/fixing-it-may-break-it.md
00-inspirations/10-philosophy and thinking/patterns/improv.html
00-inspirations/10-philosophy and thinking/patterns/improv.md
00-inspirations/10-philosophy and thinking/patterns/patterns-apl.md
00-inspirations/10-philosophy and thinking/patterns/three-rules-of-three.md
00-inspirations/10-philosophy and thinking/patterns/three-triads/0-three-triads.md
00-inspirations/10-philosophy and thinking/patterns/three-triads/stop-look-go.md
00-inspirations/10-philosophy and thinking/patterns/three-triads/triads-trichotomy.md
00-inspirations/10-philosophy and thinking/rhetoric.md
00-inspirations/11-religion and belief systems/rules/burning-man.md
00-inspirations/11-religion and belief systems/rules/lords-prayer.md
00-inspirations/11-religion and belief systems/rules/school-prayer-sps-saint-pauls-school.md
00-inspirations/11-religion and belief systems/rules/serenity-prayer.md
00-inspirations/11-religion and belief systems/rules/sps-school-prayer.md
00-inspirations/12-society and social sciences/concepts/abstraction.md
00-inspirations/12-society and social sciences/concepts/mental-models.md
00-inspirations/12-society and social sciences/law-legal-regulating-behaviour/0-law.md
00-inspirations/12-society and social sciences/law-legal-regulating-behaviour/burning-man-principles.md
00-inspirations/12-society and social sciences/law-legal-regulating-behaviour/effective-altruism-or-radical-philanthropy.md
00-inspirations/12-society and social sciences/law-legal-regulating-behaviour/european-union-charter.md
00-inspirations/12-society and social sciences/law-legal-regulating-behaviour/open-or-closed-source.md
00-inspirations/12-society and social sciences/law-legal-regulating-behaviour/radical-transparency.md
00-inspirations/12-society and social sciences/law-legal-regulating-behaviour/sdg-united-nations-sustainable-development-goals.md
00-inspirations/12-society and social sciences/law-legal-regulating-behaviour/three-laws-of-robotics.md
00-inspirations/12-society and social sciences/social-capital.md
00-inspirations/13-technology-applied-sciences/separation-of-concerns.md
00-inspirations/README.md
00-inspirations/churchnext-guiding-principles.md
00-inspirations/contents.md
00-inspirations/inspirations-sources.md
00-inspirations/try.md
00-inspirations/twenty-ways-to-be-creative.md
00-inspirations/twenty-ways-to-be-creative.pdf
00-journal/2009/machinesForLiving-20230803T182810Z-001.zip
00-journal/2009/machinesForLiving-20230803T182810Z-001/machinesForLiving/friendsOrFoes.docx
00-journal/2009/machinesForLiving-20230803T182810Z-001/machinesForLiving/glossary.docx
00-journal/2009/machinesForLiving-20230803T182810Z-001/machinesForLiving/machinesForLivingManifesto.docx
00-journal/2009/machinesForLiving-20230803T182810Z-001/machinesForLiving/old stuff/What is CAD-Lint_.docx
00-journal/2009/machinesForLiving-20230803T182810Z-001/machinesForLiving/old stuff/office-lint.docx
00-journal/2013/2013--08-17-hyper-productive-organizations.md
00-journal/2019/2019-06-23-browser-fear-journalism.md
00-journal/2020/2020-02-29-worry-fear.md
00-journal/2021/2021-03-22-faq.md
00-journal/2022/2018-08-17-fashionable-problems.md
00-journal/2022/2022-12-06-notes-catalogs-tags-wp.md
00-journal/2022/2022-12-08-music-needs-more-separation-of-powers.md
00-journal/2022/2022-12-10-theo-coding-dreams.md
00-journal/2022/2022-12-19-left-right-differences.md
00-journal/2022/2022-12-20-importance-of-seasonality-in-lives.md
00-journal/2022/2022-12-24-atheist-to-christian-questions.md
00-journal/2022/2022-12-26-david-peritz.md
00-journal/2022/README.md
00-journal/2022/irish-coffee.md
00-journal/2023/2023-02-02-learning-to-say-yes.md
00-journal/2023/2023-02-10-fliteboard.md
00-journal/2023/2023-02-11-fliteboard.md
00-journal/2023/2023-02-12-ChatGPT Is a Blurry JPEG of the Web _ The New Yorker.pdf
00-journal/2023/2023-02-12-chat-gpt-new-yorker-reply.md
00-journal/2023/2023-02-16-sargent.md
00-journal/2023/2023-02-28-enthusiastic-partners.md
00-journal/2023/2023-03-03-enviolo.md
00-journal/2023/2023-03-13-peritz.md
00-journal/2023/2023-04-02-ai.md
00-journal/2023/2023-04-14-esg-sdg-prospectus.md
00-journal/2023/2023-04-14-substack-dear-a.md
00-journal/2023/2023-05-04-esg-toolkit.md
00-journal/2023/2023-05-06-11-king-charles-III-coronation.md
00-journal/2023/2023-05-07-the successful-how-to-video.md
00-journal/2023/2023-05-11-bar-crenn.md
00-journal/2023/2023-05-11-radical-walkability.md
00-journal/2023/2023-05-11-sdg-track-right-metrics.md
00-journal/2023/2023-05-16-bar-crenn-crit.md
00-journal/2023/2023-05-22-black-cleverness.md
00-journal/2023/2023-06-26-aging-beauty.md
00-journal/2023/2023-06-27-ten-books-architecture.md
00-journal/2023/2023-07-02-reply-to-email-from-gw.md
00-journal/2023/2023-07-03-ai-current-uses.md
00-journal/2023/2023-07-12-ai-thoughts-of-the-day.md
00-journal/2023/2023-08-05-first-horse-warriors.md
00-journal/2023/2023-08-14-pph-dementia.md
00-journal/2023/2023-08-18-david-peritz-ai.md
00-journal/2023/2023-08-20-aec-plato-aristotle.md
00-journal/2023/2023-09-12-mood-mirrors.md
00-journal/2023/2023-09-15-eikon-hello-world.md
00-journal/2023/2023-09-17-cubism-3dot0.md
00-journal/2023/2023-09-18-heritage-dark-side.md
00-journal/2023/2023-09-19-dark-side-meaning.md
00-journal/2023/2023-09-22-leslie-burke.md
00-journal/2023/2023-09-25-cade-metz.md
00-journal/2023/2023-10-02-fame-privacy.md
00-journal/2023/2023-10-10-cubism-3-dot-0.html
00-journal/2023/2023-10-10-cubism-3-dot-0.md
00-journal/2023/2023-10-17-website-essentials.md
00-journal/2023/2023-10-22-copying-without-accreditation.md
00-journal/2023/2023-12-25-kyle.md
00-journal/2023/images/2023-08-21-cad-palais-royal.jpg
00-journal/2023/images/2023-08-21-lidar-room-cropped.jpg
00-journal/2023/images/2023-08-21-lidar-room.jpg
00-journal/2023/images/happy-website.webp
00-journal/2024/2024-01-07-finding-happiness.md
00-journal/2024/2024-01-15-david-peritz-2024.md
00-journal/2024/2024-01-21-bureaucracy-polarization.md
00-journal/2024/2024-02-10-durability-ship-of-theseus.md
00-journal/2024/2024-03-21-epigenetics.md
00-journal/2024/2024-04-12-dwellings.md
00-journal/2024/2024-04-12-let-other-manage-your-money.md
00-journal/2024/2024-04-12-raising-children.md
00-journal/2024/2024-04-14-dwellings-TheoSurf.md
00-journal/2024/2024-04-14-dwellings.md
00-journal/2024/2024-06-05-buck-lithigrow-worms.md
00-journal/2024/2024-06-09-situational-awareness.md
00-journal/2024/2024-07-20-scott-alexander-homeless.md
00-journal/2024/2024-07-25-nyt-self-care.md
00-journal/2024/2024-07-25-nyt-self-care.pdf
00-journal/2024/2024-07-25-nyt-view-of-self-care.md
00-journal/2024/2024-10-13-tania-new-yorker-ai-art.md
00-journal/2024/2024-11-06-2024-election.html
00-journal/2024/2024-11-06-2024-election.md
00-journal/2024/2024-11-09-steps-of-faith.md
00-journal/2024/2024-12-26-apocryphal-observations-of-life-in-france.md
00-journal/2024/image.png
00-journal/2024/images/cynthia-with-hopjes.jpg
00-journal/2025-01-19-my-writings.md
00-journal/2025-04-++-warlords.md
00-journal/2025-04-06-death-fomo-fona..md
00-journal/2025-06-27-aging.md
00-journal/README.md
00-journal/images/2025-04-05-jmb-centenary-celebration-actions.md
00-journal/index.html
00-journal/readme.html
00-snippets/1-slogan-of-the-day.md
00-snippets/README.md
00-snippets/ai-prompt-decorators.md
00-snippets/articles-to-write-video.md
00-snippets/axis-of-ordinary.md
00-snippets/bookmark-structure.md
00-snippets/deeper-clean.md
00-snippets/image/axis-of-ordinary/1714670875238.png
00-snippets/jokes-quotes.md
00-snippets/lingo.md
00-snippets/location-marina.md
00-snippets/media-diet.md
00-snippets/shortcuts.md
00-snippets/snippets.md
00-snippets/things-i-forget.md
00-snippets/things-i-like.md
00-snippets/tips.md
01-general-reference/README.md
01-general-reference/archives/archive-org.md
01-general-reference/archives/archives.md
01-general-reference/archives/archiving.md
01-general-reference/bookmarks/README.md
01-general-reference/books/books.md
01-general-reference/books/repositories.md
01-general-reference/categorization/README.md
01-general-reference/categorization/categorization.md
01-general-reference/dictionary.md
01-general-reference/knowledge/README.md
01-general-reference/lists/README.md
01-general-reference/reading/README.md
01-general-reference/reading/reading1.md
01-general-reference/reading/underlining.md
01-general-reference/reference/authoritative.md
01-general-reference/reference/eat-expertise-authority-trust.md
01-general-reference/wikipedia/README.md
01-general-reference/wikipedia/three-js-wikipedia.md
01-general-reference/wikipedia/wikimedia-commons.md
01-general-reference/wikipedia/wikipedia-categories.md
01-general-reference/wikipedia/wikipedia-core-content-policies.md
01-general-reference/wikipedia/wikipedia-edit.md
01-general-reference/wikipedia/wikipedia-lists.md
01-general-reference/wikipedia/wikipedia-policies.md
01-general-reference/wikipedia/wikipedia-portals.md
01-general-reference/wikipedia/wikipedia-tools.md
01-general-reference/wikipedia/wikipedia-topics.md
01-general-reference/wikipedia/wikipedia.md
01-general-reference/writing-diary-phrases/README.md
01-general-reference/writing-diary-phrases/aphorisms-mantras.md
01-general-reference/writing-diary-phrases/diary-journaling.md
01-general-reference/writing-diary-phrases/note-taking-journaling.md
01-general-reference/writing-diary-phrases/writing-journaling.md
01-general-reference/writing-diary-phrases/writing-publishing.md
01-general-reference/writing-diary-phrases/writing-skills.md
01-general-reference/writing-diary-phrases/writing-tools.md
02-culture-and-the-arts/README.md
02-culture-and-the-arts/arts/beauty.md
02-culture-and-the-arts/arts/internet-and-art.md
02-culture-and-the-arts/arts/kiragami.md
02-culture-and-the-arts/arts/music.html
02-culture-and-the-arts/arts/music.md
02-culture-and-the-arts/culture-humanities/README.md
02-culture-and-the-arts/culture-humanities/classics/iliad.md
02-culture-and-the-arts/games-and-toys/video-game-streaming-services.md
02-culture-and-the-arts/games-and-toys/wordle.md
02-culture-and-the-arts/language/turkish.md
02-culture-and-the-arts/marketing/marketing.md
02-culture-and-the-arts/mass-media/books.md
02-culture-and-the-arts/mass-media/films.md
02-culture-and-the-arts/visual-arts/artists.md
02-culture-and-the-arts/visual-arts/colors.md
02-culture-and-the-arts/visual-arts/drawing/robot-pencil-how-to-hold.jpg
02-culture-and-the-arts/websites/README.md
02-culture-and-the-arts/websites/design.md
02-culture-and-the-arts/websites/fish-web-sites.md
02-culture-and-the-arts/websites/media-diet.md
02-culture-and-the-arts/websites/peeps-geeks-designers-gigs.md
02-culture-and-the-arts/websites/smart-people-writing.md
02-culture-and-the-arts/websites/webcams.md
02-culture-and-the-arts/websites/website-design.md
03-geography-places/README.md
03-geography-places/ashland-or.md
03-geography-places/burmese-cuisine.md
03-geography-places/california/Bay-Area-Web-Cameras.md
03-geography-places/california/README.md
03-geography-places/california/clubs.md
03-geography-places/california/grace-cathedral.md
03-geography-places/california/graton-resort-casino.md
03-geography-places/california/healdsburg.md
03-geography-places/california/retreats.md
03-geography-places/california/san-juan-battista.md
03-geography-places/california/santa-barbara.md
03-geography-places/california/sonoma.md
03-geography-places/myanmar.md
03-geography-places/paris/README.md
03-geography-places/paris/index.html
03-geography-places/paris/paris-2020-01-19.md
03-geography-places/paris/paris-2020-02-01.md
03-geography-places/paris/paris.md
03-geography-places/san-francisco/awesome-foundation.md
03-geography-places/san-francisco/lands-end.mf
03-geography-places/san-francisco/marina.md
03-geography-places/san-francisco/san-francisco-news.md
03-geography-places/san-francisco/san-francisco-parks-recs.md
03-geography-places/san-francisco/san-francisco-timeline-technology.md
03-geography-places/san-francisco/san-francisco.md
04-health-and-fitness/README.md
04-health-and-fitness/aging-life-extension/Letter-to-My-Younger-Self.md
04-health-and-fitness/aging-life-extension/Links-of-Interest-for-Seniors.md
04-health-and-fitness/aging-life-extension/README.md
04-health-and-fitness/aging-life-extension/age-to-do-old-and-fit.md
04-health-and-fitness/aging-life-extension/ageism-2.md
04-health-and-fitness/aging-life-extension/ageism.md
04-health-and-fitness/aging-life-extension/aging-periodicals.md
04-health-and-fitness/aging-life-extension/aging.md
04-health-and-fitness/aging-life-extension/anger.md
04-health-and-fitness/aging-life-extension/downsizing.md
04-health-and-fitness/aging-life-extension/evereverland.md
04-health-and-fitness/aging-life-extension/hoarding-2.md
04-health-and-fitness/aging-life-extension/hoarding.md
04-health-and-fitness/aging-life-extension/index.html
04-health-and-fitness/aging-life-extension/to-do-old-and-fit.md
04-health-and-fitness/diet-nutrition-food/0-diet-nutrition-food.md
04-health-and-fitness/diet-nutrition-food/alcohol.md
04-health-and-fitness/diet-nutrition-food/cholesterol.md
04-health-and-fitness/diet-nutrition-food/cooking-utensils.md
04-health-and-fitness/diet-nutrition-food/diet.html
04-health-and-fitness/diet-nutrition-food/diet.md
04-health-and-fitness/diet-nutrition-food/food.md
04-health-and-fitness/diet-nutrition-food/gas-bloating.md
04-health-and-fitness/diet-nutrition-food/ginger.md
04-health-and-fitness/diet-nutrition-food/licorice.md
04-health-and-fitness/fitness-exercise-pt/breathing.md
04-health-and-fitness/fitness-exercise-pt/fitness-links.md
04-health-and-fitness/fitness-exercise-pt/fitness.md
04-health-and-fitness/fitness-exercise-pt/sleep.md
04-health-and-fitness/fitness-exercise-pt/walking.md
04-health-and-fitness/medicine/cancer.md
04-health-and-fitness/medicine/eyes.md
04-health-and-fitness/medicine/hearing.md
04-health-and-fitness/medicine/podiatry.md
04-health-and-fitness/medicine/skin.md
04-health-and-fitness/medicine/soap.md
04-health-and-fitness/medicine/symptoms-documentation.md
04-health-and-fitness/motivation/README.md
04-health-and-fitness/motivation/goals-habits/README.md
04-health-and-fitness/motivation/goals-habits/checklists.md
04-health-and-fitness/motivation/goals-habits/conversations.md
04-health-and-fitness/motivation/goals-habits/family-cohorts-and-other-animals.md
04-health-and-fitness/motivation/goals-habits/goals.md
04-health-and-fitness/motivation/goals-habits/gtd.md
04-health-and-fitness/motivation/goals-habits/habits.md
04-health-and-fitness/motivation/goals-habits/life-rules.md
04-health-and-fitness/motivation/goals-habits/links-life-goal-categories.md
04-health-and-fitness/motivation/goals-habits/links-strategies-goals-plans.md
04-health-and-fitness/motivation/goals-habits/manifesto-list.md
04-health-and-fitness/motivation/goals-habits/manifestos-for-seniors.md
04-health-and-fitness/motivation/goals-habits/mission-value-vision.html
04-health-and-fitness/motivation/goals-habits/mission-value-vision.md
04-health-and-fitness/motivation/goals-habits/needs-rights-goals.md
04-health-and-fitness/motivation/goals-habits/personality.md
04-health-and-fitness/motivation/goals-habits/personality2.md
04-health-and-fitness/motivation/goals-habits/quantified-self.md
04-health-and-fitness/motivation/goals-habits/radical-transparency.md
04-health-and-fitness/motivation/goals-habits/strategy.md
04-health-and-fitness/motivation/gtd.md
04-health-and-fitness/self-care/wellness-dimensions-checklist/0-news-life.md
04-health-and-fitness/self-care/wellness-dimensions-checklist/0-wellness-journal.md
04-health-and-fitness/self-care/wellness-dimensions-checklist/2022-08-08-wellness-checklist.md
04-health-and-fitness/self-care/wellness-dimensions-checklist/2022-09-12-wellness-checklist.md
04-health-and-fitness/self-care/wellness-dimensions-checklist/2023-07-24-wellness-checklist-chatgpt.md
04-health-and-fitness/self-care/wellness-dimensions-checklist/2023-07-24.md
04-health-and-fitness/self-care/wellness-dimensions-checklist/Sample_UK__English__EQ-5D-5L_Paper_Self_complete.pdf
04-health-and-fitness/self-care/wellness-dimensions-checklist/Thescopeandchallengesofthewellnessactivitiesoftheolderadults.pdf
04-health-and-fitness/self-care/wellness-dimensions-checklist/good-patient.md
04-health-and-fitness/self-care/wellness-dimensions-checklist/quarterly-reports-template-sources.md
04-health-and-fitness/self-care/wellness-dimensions-checklist/sos-devices.md
04-health-and-fitness/self-care/wellness-dimensions-checklist/wellness-dimensions-and-pillars.md
04-health-and-fitness/self-care/wellness-dimensions-checklist/wellness-links.md
04-health-and-fitness/wellness/2021-Medicare.md
04-health-and-fitness/wellness/README.md
04-health-and-fitness/wellness/covid/covid-19-data.md
04-health-and-fitness/wellness/covid/covid-chances.md
04-health-and-fitness/wellness/covid/covid-guidance.md
04-health-and-fitness/wellness/covid/covid.md
04-health-and-fitness/wellness/covid/covid19.md
04-health-and-fitness/wellness/covid/covid19a.md
04-health-and-fitness/wellness/covid/pandemic-precautions.md
04-health-and-fitness/wellness/happiness.md
04-health-and-fitness/wellness/health.md
04-health-and-fitness/wellness/love.md
04-health-and-fitness/wellness/pain.md
04-health-and-fitness/wellness/self-concept-36 questions.md
04-health-and-fitness/wellness/successful-family.md
04-health-and-fitness/wellness/worry-stress-anxiety.md
05-history-and-events/README.md
05-history-and-events/david-graeber/README.md
05-history-and-events/david-graeber/bullshit-jobs.md
05-history-and-events/david-graeber/david-graeber.md
05-history-and-events/david-graeber/dawn-of-everything/blinkist-dawn-of-everything.md
05-history-and-events/david-graeber/dawn-of-everything/dawn-of-everything-cheatsheet.md
05-history-and-events/david-graeber/dawn-of-everything/dawn-of-everything-theo-notes.md
05-history-and-events/david-graeber/dawn-of-everything/dawn-of-everything.md
05-history-and-events/david-graeber/dawn-of-everything/jean-jacques-rousseau-origin-of-inequality.md
05-history-and-events/david-graeber/the-utopia-of-rules.md
05-history-and-events/futures-fads-trends/README.md
05-history-and-events/futures-fads-trends/trends-2.md
05-history-and-events/futures-fads-trends/trends.md
06-human-activities/0-unsorted/dystopia-apocolypse.md
06-human-activities/0-unsorted/metaverse.md
06-human-activities/0-unsorted/socrates-cafe.md
06-human-activities/README.md
06-human-activities/agriculture/README.md
06-human-activities/agriculture/grassfed.md
06-human-activities/agriculture/soil-carbon-coalition.md
06-human-activities/agriculture/sustainable-agriculture.md
06-human-activities/communication/README.md
06-human-activities/communication/collaboration.md
06-human-activities/communication/collaboration/README.md
06-human-activities/communication/converation/README.md
06-human-activities/communication/converation/conversations.md
06-human-activities/communication/digital-signatures.md
06-human-activities/communication/email/README.md
06-human-activities/communication/family-cohorts-and-other-animals.md
06-human-activities/communication/improv.md
06-human-activities/communication/meetings.md
06-human-activities/communication/oral-culture.md
06-human-activities/communication/oral-culture/README.md
06-human-activities/communication/privacy.md
06-human-activities/communication/robocalls.md
06-human-activities/communication/scammers.md
06-human-activities/communication/social-media/mastadon.md
06-human-activities/communication/social-media/reddit.md
06-human-activities/communication/social-media/social-networks.md
06-human-activities/communication/social-media/tiktok.md
06-human-activities/entities/incubators.md
06-human-activities/environmentalism/README.md
06-human-activities/environmentalism/esg.md
06-human-activities/environmentalism/sdg-2021.md
06-human-activities/environmentalism/sustainable-development-goals-standards.md
06-human-activities/forestry/README.md
06-human-activities/government/government.md
06-human-activities/organizations/README.md
06-human-activities/organizations/fogg-us.md
06-human-activities/organizations/glessner-house.md
06-human-activities/organizations/mechanical-turk.md
06-human-activities/organizations/neom.md
06-human-activities/organizations/pacunion-and-compass.md
06-human-activities/organizations/sequioas.md
06-human-activities/organizations/sps.md
06-human-activities/organizations/stack-exchange.md
06-human-activities/organizations/stamp-collectors.md
06-human-activities/organizations/tgd.md
06-human-activities/politics/politics.md
06-human-activities/transport/README.md
06-human-activities/transport/mobility-as-a-service.md
06-human-activities/transport/tunnel-boring.md
07-mathematics-logic/README.md
07-mathematics-logic/applied-category-theory/applied-category-theory.md
07-mathematics-logic/math.md
07-mathematics-logic/self-tagging-marching-cubes.md
08-natural-and-physical-sciences/README.md
08-natural-and-physical-sciences/biology/README.md
08-natural-and-physical-sciences/biology/sense-of-smell.md
08-natural-and-physical-sciences/physics/law-of-increasing-functional-information.md
08-natural-and-physical-sciences/physics/superconductors.md
08-natural-and-physical-sciences/physics/time-crystals.md
08-natural-and-physical-sciences/plants/2023-05-19-14-20-22.png
08-natural-and-physical-sciences/plants/plant-id-apps.md
08-natural-and-physical-sciences/plants/wildflowers-california.md
09-people-self/README.md
09-people-self/armour-genealogy/Alexander_Trepov.jpg
09-people-self/armour-genealogy/Erastus_Foote.jpg
09-people-self/armour-genealogy/Fyodor_M._Nirod.jpeg
09-people-self/armour-genealogy/George-armour-photo-second-presbyterian-church-of-chicago.png
09-people-self/armour-genealogy/genealogy-2.md
09-people-self/armour-genealogy/genealogy-3.md
09-people-self/armour-genealogy/genealogy.md
09-people-self/armour-genealogy/peeps-in-the-family.html
09-people-self/armour-genealogy/peeps-in-the-family.md
09-people-self/armour-genealogy/princess-kudasheva.jpg
09-people-self/armour-genealogy/uss-shirk.jpg
09-people-self/george-smart.md
09-people-self/people-notable/agnes-callard/0-agenda.md
09-people-self/people-notable/agnes-callard/0-journal.md
09-people-self/people-notable/agnes-callard/2025-03-23-gemeni-open-socrates-summary
09-people-self/people-notable/agnes-callard/2025-agnes-callard-open-socrates-definitions.md
09-people-self/people-notable/agnes-callard/2025-agnes-callard-open-socrates.md
09-people-self/people-notable/agnes-callard/agnes-callard.md
09-people-self/people-notable/agnes-callard/gemeni-Open Socrates Book Summary_.md
09-people-self/people-notable/andrew-wylie.md
09-people-self/people-notable/ansel-adams.md
09-people-self/people-notable/arul-gawande-being-mortal.md
09-people-self/people-notable/benjamin-johnson.md
09-people-self/people-notable/bret-victor.md
09-people-self/people-notable/cityzen.md
09-people-self/people-notable/colette/colette.md
09-people-self/people-notable/daniel-levitin.md
09-people-self/people-notable/diego-rivera.md
09-people-self/people-notable/douglas-hofstader.md
09-people-self/people-notable/edgar-allan-poe.md
09-people-self/people-notable/euan-ashley.md
09-people-self/people-notable/finis-conner.md
09-people-self/people-notable/freddie-deboer.md
09-people-self/people-notable/george-armour.md
09-people-self/people-notable/hakeem-jeffries.md
09-people-self/people-notable/harper-lee-to-kill-a-mockingbird.md
09-people-self/people-notable/helen-keller.md
09-people-self/people-notable/jacques-lacan.md
09-people-self/people-notable/james-clear-atomic-habits.jpg
09-people-self/people-notable/james-clear-atomic-habits.md
09-people-self/people-notable/jane-jacobs.md
09-people-self/people-notable/joe-morris-morris-grass-fed-beef.md
09-people-self/people-notable/john-rawls.md
09-people-self/people-notable/jon-brill.md
09-people-self/people-notable/jordan-peterson.md
09-people-self/people-notable/kurt-vonnegut.md
09-people-self/people-notable/ludwig-bemelmans.md
09-people-self/people-notable/marshall-mcluhan/marshall-mcluhan.md
09-people-self/people-notable/marshall-mcluhan/the-gutenberg-galaxy.md
09-people-self/people-notable/marshall-mcluhan/understanding-media.md
09-people-self/people-notable/noam-chomsky.md
09-people-self/people-notable/orville-bulman.md
09-people-self/people-notable/patrick-winston.md
09-people-self/people-notable/peter-drucker.md
09-people-self/people-notable/robert-d-putnam.md
09-people-self/people-notable/roger-penrose.md
09-people-self/people-notable/ryan-holiday.md
09-people-self/people-notable/spencer-greenberg.md
09-people-self/people-notable/teddy-roosevelt.md
09-people-self/people-notable/terence-deacon.md
09-people-self/people-notable/thomas-jefferson.md
09-people-self/people-notable/tom-wolfe/tom-wolfe-from-bauhaus-to-our-house.md
09-people-self/people-notable/witold-rybczynski.md
09-people-self/people-notable/zak-dychtwald.md
09-people-self/people-notable/zeynep-tufekci.md
09-people-self/personal-life-theo/README.md
09-people-self/personal-life-theo/catalogs.html
09-people-self/personal-life-theo/catalogs.md
09-people-self/personal-life-theo/clothes-and-accessories.md
09-people-self/personal-life-theo/coffee-mugs.md
09-people-self/personal-life-theo/desks.md
09-people-self/personal-life-theo/flooring.md
09-people-self/personal-life-theo/furniture.md
10-philosophy-and-thinking/README.md
10-philosophy-and-thinking/philosophers/famous-french-philosphers.md
10-philosophy-and-thinking/philosophers/mimetic-desire.md
10-philosophy-and-thinking/philosophers/stoic2.md
10-philosophy-and-thinking/philosophy/README.md
10-philosophy-and-thinking/philosophy/branches/epistemology/README.md
10-philosophy-and-thinking/philosophy/branches/epistemology/core-concepts-topics/knowledge/README.md
10-philosophy-and-thinking/philosophy/branches/epistemology/domains/README.md
10-philosophy-and-thinking/philosophy/branches/epistemology/domains/applied-epistemology/README.md
10-philosophy-and-thinking/philosophy/branches/epistemology/domains/applied-epistemology/patterns/patterns-apl-alexander.md
10-philosophy-and-thinking/philosophy/branches/epistemology/domains/learning.md
10-philosophy-and-thinking/philosophy/branches/ethics/README.md
10-philosophy-and-thinking/philosophy/branches/ethics/agency.md
10-philosophy-and-thinking/philosophy/branches/ethics/longtermism.md
10-philosophy-and-thinking/philosophy/branches/ethics/summum-bonum.md
10-philosophy-and-thinking/philosophy/branches/ethics/values.md
10-philosophy-and-thinking/philosophy/branches/ethics/virtues/altruism.md
10-philosophy-and-thinking/philosophy/branches/ethics/virtues/compassion.md
10-philosophy-and-thinking/philosophy/branches/ethics/virtues/empathy.md
10-philosophy-and-thinking/philosophy/branches/ethics/virtues/eudaimonia.md
10-philosophy-and-thinking/philosophy/branches/ethics/virtues/virtues.md
10-philosophy-and-thinking/philosophy/branches/logic/README.md
10-philosophy-and-thinking/philosophy/branches/logic/critical-thinking/README.md
10-philosophy-and-thinking/philosophy/branches/logic/critical-thinking/doing-knowing-being/0-perceive-judge-act.md
10-philosophy-and-thinking/philosophy/branches/logic/critical-thinking/doing-knowing-being/1-do-act.md
10-philosophy-and-thinking/philosophy/branches/logic/critical-thinking/doing-knowing-being/2-know-perceive.md
10-philosophy-and-thinking/philosophy/branches/logic/critical-thinking/doing-knowing-being/3-be-judge.md
10-philosophy-and-thinking/philosophy/branches/logic/critical-thinking/doing-knowing-being/README.md
10-philosophy-and-thinking/philosophy/branches/logic/critical-thinking/doing-knowing-being/archive/2020-06-21-personal-life-topics.md
10-philosophy-and-thinking/philosophy/branches/logic/critical-thinking/doing-knowing-being/archive/journal.md
10-philosophy-and-thinking/philosophy/branches/logic/critical-thinking/doing-knowing-being/archive/personal-life-categories.md
10-philosophy-and-thinking/philosophy/branches/logic/critical-thinking/doing-knowing-being/archive/triads-2020-04-22.md
10-philosophy-and-thinking/philosophy/branches/logic/critical-thinking/doing-knowing-being/mindfulness.md
10-philosophy-and-thinking/philosophy/branches/logic/critical-thinking/rhetoric/README.md
10-philosophy-and-thinking/philosophy/branches/logic/critical-thinking/rhetoric/the-ancient-art-of-thinking-for-yourself/taaotfy.md
10-philosophy-and-thinking/philosophy/branches/logic/critical-thinking/rhetoric/winning-arguments/stanley-fish-winning-arguments.md
10-philosophy-and-thinking/philosophy/branches/logic/reason/README.md
10-philosophy-and-thinking/philosophy/branches/logic/reason/design-thinking/Designing-Your-Life-2.md
10-philosophy-and-thinking/philosophy/branches/logic/reason/design-thinking/Designing-Your-Life.md
10-philosophy-and-thinking/philosophy/branches/logic/reason/design-thinking/design-thinking-2.md
10-philosophy-and-thinking/philosophy/branches/logic/reason/design-thinking/design-thinking.md
10-philosophy-and-thinking/philosophy/branches/logic/reason/design-thinking/ideation.md
10-philosophy-and-thinking/philosophy/branches/logic/reason/divergent-thinking.md
10-philosophy-and-thinking/philosophy/branches/logic/reason/double-diamond.md
10-philosophy-and-thinking/philosophy/branches/logic/reason/mental-models/0-news-mental-models.md
10-philosophy-and-thinking/philosophy/branches/logic/reason/mental-models/Mental Model Encyclopedia (Master List) - Dictionary.tsv
10-philosophy-and-thinking/philosophy/branches/logic/reason/mental-models/Mental Model Encyclopedia (Master List).xlsx
10-philosophy-and-thinking/philosophy/branches/logic/reason/mental-models/README.md
10-philosophy-and-thinking/philosophy/branches/logic/reason/mental-models/do-not-make-me-change.md
10-philosophy-and-thinking/philosophy/branches/logic/reason/mental-models/do-not-make-me-think.md
10-philosophy-and-thinking/philosophy/branches/logic/reason/mental-models/mental-models-infographic.jpg
10-philosophy-and-thinking/philosophy/branches/logic/reason/mental-models/mental-models.md
10-philosophy-and-thinking/philosophy/branches/metaphysics/README.md
10-philosophy-and-thinking/philosophy/branches/metaphysics/abstraction-generalization.md
10-philosophy-and-thinking/philosophy/branches/metaphysics/feeling-structures.md
10-philosophy-and-thinking/philosophy/concepts/hermeneutics.md
10-philosophy-and-thinking/thinking/README.md
11-religion-and-belief-systems/README.md
12-society-and-social-sciences/README.md
12-society-and-social-sciences/bipoc/2020-07-26-sps-jose-paulies.md
12-society-and-social-sciences/bipoc/2020-07-31-theo-to-jose.md
12-society-and-social-sciences/bipoc/Geronimus - Weathering and Age Patterns of Allostatic Load (1).pdf
12-society-and-social-sciences/bipoc/Geronimus - Weathering and Age Patterns of Allostatic Load.pdf
12-society-and-social-sciences/bipoc/README.md
12-society-and-social-sciences/bipoc/bicopatsps-2020-07-31.md
12-society-and-social-sciences/bipoc/equality-vs-equity.png
12-society-and-social-sciences/bipoc/index.html
12-society-and-social-sciences/bipoc/penguin.png
12-society-and-social-sciences/effective-altruism/README.md
12-society-and-social-sciences/effective-altruism/doing-good-better.md
12-society-and-social-sciences/effective-altruism/effective-altruism.md
12-society-and-social-sciences/effective-altruism/long-termism.md
12-society-and-social-sciences/effective-altruism/what-we-owe-the-future.md
12-society-and-social-sciences/effective-altruism/will-macaskill.md
12-society-and-social-sciences/evereverland/evereverland.md
12-society-and-social-sciences/law/README.md
12-society-and-social-sciences/law/observations-regarding-copyright-and-license-notices-1.md
12-society-and-social-sciences/law/observations-regarding-copyright-and-license-notices.md
12-society-and-social-sciences/law/wills-and-trusts.md
12-society-and-social-sciences/money/bitcoin.md
12-society-and-social-sciences/money/blockchain.md
12-society-and-social-sciences/money/money.md
12-society-and-social-sciences/politics/meritocracy.md
12-society-and-social-sciences/psychology/2021-09-28-the-gaze.html
12-society-and-social-sciences/psychology/2021-09-28-the-gaze.md
12-society-and-social-sciences/psychology/work-types.md
13-technology-applied-sciences/README.md
13-technology-applied-sciences/architecture/README.md
13-technology-applied-sciences/architecture/aec-checklists-maintenance.md
13-technology-applied-sciences/architecture/aec-publishers.md
13-technology-applied-sciences/architecture/construction-productivity.md
13-technology-applied-sciences/architecture/julia-morgan-sflpars/Julia-Morgan-Links-copy.md
13-technology-applied-sciences/architecture/julia-morgan-sflpars/Julia-Morgan-Links.md
13-technology-applied-sciences/architecture/julia-morgan-sflpars/README.md
13-technology-applied-sciences/architecture/julia-morgan-sflpars/What-is-the-meaning-of-the-three-roses.md
13-technology-applied-sciences/architecture/julia-morgan-sflpars/index.html
13-technology-applied-sciences/architecture/julia-morgan-sflpars/julia-morgan-catalog.md
13-technology-applied-sciences/architecture/julia-morgan-sflpars/julia-morgan-list-projects.txt
13-technology-applied-sciences/architecture/julia-morgan-sflpars/julia-morgan-wikipedia-sflpars.md
13-technology-applied-sciences/architecture/julia-morgan-sflpars/photos-architecture/1924-hotm/1924-hotm-back.jpg
13-technology-applied-sciences/architecture/julia-morgan-sflpars/photos-architecture/1924-hotm/1924-hotm-fireplace.jpg
13-technology-applied-sciences/architecture/julia-morgan-sflpars/photos-architecture/1924-hotm/1924-hotm-four-ladies-in-garden.jpg
13-technology-applied-sciences/architecture/julia-morgan-sflpars/photos-architecture/1924-hotm/1924-hotm-front-500.jpg
13-technology-applied-sciences/architecture/julia-morgan-sflpars/photos-architecture/1924-hotm/1924-hotm-front-right.jpg
13-technology-applied-sciences/architecture/julia-morgan-sflpars/photos-architecture/1924-hotm/1924-hotm-front-small.jpg
13-technology-applied-sciences/architecture/julia-morgan-sflpars/photos-architecture/1924-hotm/1924-hotm-front-steps.jpg
13-technology-applied-sciences/architecture/julia-morgan-sflpars/photos-architecture/1924-hotm/1924-hotm-front.jpg
13-technology-applied-sciences/architecture/julia-morgan-sflpars/photos-architecture/1924-hotm/1924-hotm-interior-door-to-back-stair.jpg
13-technology-applied-sciences/architecture/julia-morgan-sflpars/photos-architecture/1924-hotm/1924-hotm-interior-door-trefoil.jpg
13-technology-applied-sciences/architecture/julia-morgan-sflpars/photos-architecture/1924-hotm/1924-hotm-interior-front-hall.jpg
13-technology-applied-sciences/architecture/julia-morgan-sflpars/photos-architecture/1976-hotm/1976-hotm-front+interior.png
13-technology-applied-sciences/architecture/julia-morgan-sflpars/photos-architecture/1976-hotm/1976_-hotm-garden.png
13-technology-applied-sciences/architecture/julia-morgan-sflpars/photos-architecture/README.md
13-technology-applied-sciences/architecture/julia-morgan-sflpars/photos-architecture/crocker-old-peoples-home/1889-crocker-old-peoples-home-garden.png
13-technology-applied-sciences/architecture/julia-morgan-sflpars/photos-architecture/crocker-old-peoples-home/1889-crocker-old-peoples-home.png
13-technology-applied-sciences/architecture/julia-morgan-sflpars/photos-architecture/crocker-old-peoples-home/README.md
13-technology-applied-sciences/architecture/julia-morgan-sflpars/photos-architecture/crocker-old-peoples-home/cropped/1889-crocker-old-peoples-home-exterior.png
13-technology-applied-sciences/architecture/julia-morgan-sflpars/photos-architecture/crocker-old-peoples-home/cropped/1889-crocker-old-peoples-home-garden.png
13-technology-applied-sciences/architecture/julia-morgan-sflpars/photos-architecture/crocker-old-peoples-home/cropped/1889-crocker-old-peoples-home-interior.png
13-technology-applied-sciences/architecture/julia-morgan-sflpars/photos-architecture/index.html
13-technology-applied-sciences/architecture/julia-morgan-sflpars/photos-architecture/old-brown-ark/1884-sflpars-old-brown-ark-east.jpg
13-technology-applied-sciences/architecture/julia-morgan-sflpars/photos-architecture/old-brown-ark/1884-sflpars-old-brown-ark-west.jpg
13-technology-applied-sciences/architecture/julia-morgan-sflpars/photos-architecture/old-brown-ark/ark-1-a.jpg
13-technology-applied-sciences/architecture/julia-morgan-sflpars/photos-architecture/old-brown-ark/ark-1-b.jpg
13-technology-applied-sciences/architecture/julia-morgan-sflpars/photos-architecture/old-brown-ark/ark-1-c.jpg
13-technology-applied-sciences/architecture/julia-morgan-sflpars/photos-architecture/old-brown-ark/ark-2-best.jpg
13-technology-applied-sciences/architecture/julia-morgan-sflpars/photos-architecture/old-brown-ark/ark-2.png
13-technology-applied-sciences/architecture/julia-morgan-sflpars/photos-architecture/readme.html
13-technology-applied-sciences/architecture/julia-morgan-sflpars/photos-history/cropped/horace-hawes.png
13-technology-applied-sciences/architecture/julia-morgan-sflpars/photos-history/horace-hawes.png
13-technology-applied-sciences/architecture/julia-morgan-sflpars/photos-history/recognition/2013-09-16-california-assembly-resolution-to-honor-heritage.jpg
13-technology-applied-sciences/architecture/julia-morgan-sflpars/photos-history/recognition/2013-09-16-california-senate-resolution-1141-to-heritage.jpg
13-technology-applied-sciences/architecture/julia-morgan-sflpars/photos-history/recognition/2013-09-16-gov-edmund-g-brown-letter-to-heritage.jpg
13-technology-applied-sciences/architecture/julia-morgan-sflpars/photos-history/recognition/2013-09-16-san-francisco-mayor-lee-certificate-of-honor-heritage.jpg
13-technology-applied-sciences/architecture/julia-morgan-sflpars/photos-history/recognition/2013-09-16-san-francisco-supervisors-certificate-to-honor-heritage.jpg
13-technology-applied-sciences/architecture/julia-morgan-sflpars/photos-history/recognition/2013-09-16-us-flag-capitol-member-congress-nancy-pelosi-to-heritage.jpg
13-technology-applied-sciences/architecture/julia-morgan-sflpars/readme.html
13-technology-applied-sciences/architecture/julia-morgan-sflpars/san-francisco-history.md
13-technology-applied-sciences/architecture/julia-morgan-sflpars/sflpars-sources.md
13-technology-applied-sciences/architecture/julia-morgan-sflpars/sflpars-wikipedia.md
13-technology-applied-sciences/architecture/julia-morgan-sflpars/sfplars-uploads-wikimedia-commons.md
13-technology-applied-sciences/architecture/julia-morgan-sflpars/what-is-the-meaning-of-the-three-roses.pdf
13-technology-applied-sciences/architecture/julia-morgan-sflpars/wkipedia-article-drafts/2023-02-08.txt
13-technology-applied-sciences/architecture/julia-morgan-sflpars/wkipedia-article-drafts/2023-02-10.txt
13-technology-applied-sciences/architecture/julia-morgan-sflpars/wkipedia-article-drafts/2023-02-13.yxt
13-technology-applied-sciences/cartography/README.md
13-technology-applied-sciences/cartography/cartography.md
13-technology-applied-sciences/cartography/maps-cartography.md
13-technology-applied-sciences/computing-ai-artificial-intelligence/README.md
13-technology-applied-sciences/computing-ai-artificial-intelligence/ai-3d/README.md
13-technology-applied-sciences/computing-ai-artificial-intelligence/ai-3d/ai-3d.md
13-technology-applied-sciences/computing-ai-artificial-intelligence/ai-apps/README.md
13-technology-applied-sciences/computing-ai-artificial-intelligence/ai-apps/ai-aec-journal.md
13-technology-applied-sciences/computing-ai-artificial-intelligence/ai-apps/ai-aec.md
13-technology-applied-sciences/computing-ai-artificial-intelligence/ai-apps/ai-audio.md
13-technology-applied-sciences/computing-ai-artificial-intelligence/ai-apps/ai-detectors.md
13-technology-applied-sciences/computing-ai-artificial-intelligence/ai-apps/ai-education.md
13-technology-applied-sciences/computing-ai-artificial-intelligence/ai-apps/ai-gaming.md
13-technology-applied-sciences/computing-ai-artificial-intelligence/ai-apps/ai-legal.md
13-technology-applied-sciences/computing-ai-artificial-intelligence/ai-apps/ai-wellness-medicine.md
13-technology-applied-sciences/computing-ai-artificial-intelligence/ai-apps/ai-writing.md
13-technology-applied-sciences/computing-ai-artificial-intelligence/ai-apps/autoGPT.md
13-technology-applied-sciences/computing-ai-artificial-intelligence/ai-chat/README.md
13-technology-applied-sciences/computing-ai-artificial-intelligence/ai-chat/ai-26-principles.md
13-technology-applied-sciences/computing-ai-artificial-intelligence/ai-chat/ai-prompt-decorators.md
13-technology-applied-sciences/computing-ai-artificial-intelligence/ai-chat/ai-prompt-engineering-template.md
13-technology-applied-sciences/computing-ai-artificial-intelligence/ai-chat/ai-prompt-tips.md
13-technology-applied-sciences/computing-ai-artificial-intelligence/ai-chat/ai-prompts-articles.md
13-technology-applied-sciences/computing-ai-artificial-intelligence/ai-chat/ai-prompts-links.md
13-technology-applied-sciences/computing-ai-artificial-intelligence/ai-chat/ai-self-prompt.md
13-technology-applied-sciences/computing-ai-artificial-intelligence/ai-chat/chatgpt-prompts.md
13-technology-applied-sciences/computing-ai-artificial-intelligence/ai-chat/google-gemini.md
13-technology-applied-sciences/computing-ai-artificial-intelligence/ai-chat/prompt-framework.webp
13-technology-applied-sciences/computing-ai-artificial-intelligence/ai-coding/README.md
13-technology-applied-sciences/computing-ai-artificial-intelligence/ai-coding/openai/README.md
13-technology-applied-sciences/computing-ai-artificial-intelligence/ai-image/README.md
13-technology-applied-sciences/computing-ai-artificial-intelligence/ai-image/ai-image-gallery.md
13-technology-applied-sciences/computing-ai-artificial-intelligence/ai-image/ai-image-organizations.md
13-technology-applied-sciences/computing-ai-artificial-intelligence/ai-image/ai-image-prompt-architecture.md
13-technology-applied-sciences/computing-ai-artificial-intelligence/ai-image/ai-image-prompt-logo.md
13-technology-applied-sciences/computing-ai-artificial-intelligence/ai-image/ai-image-prompt-portrait.md
13-technology-applied-sciences/computing-ai-artificial-intelligence/ai-image/ai-image-prompt-writing-links.md
13-technology-applied-sciences/computing-ai-artificial-intelligence/ai-image/ai-image-prompts.md
13-technology-applied-sciences/computing-ai-artificial-intelligence/ai-image/ai-image-publishers.md
13-technology-applied-sciences/computing-ai-artificial-intelligence/ai-image/dall-e-prompts..md
13-technology-applied-sciences/computing-ai-artificial-intelligence/ai-image/dall-e.md
13-technology-applied-sciences/computing-ai-artificial-intelligence/ai-image/ideogram.md
13-technology-applied-sciences/computing-ai-artificial-intelligence/ai-image/midjourney-cheat-sheet.md
13-technology-applied-sciences/computing-ai-artificial-intelligence/ai-image/midjourney.md
13-technology-applied-sciences/computing-ai-artificial-intelligence/ai-media/README.md
13-technology-applied-sciences/computing-ai-artificial-intelligence/ai-media/ai-0-publishers.md
13-technology-applied-sciences/computing-ai-artificial-intelligence/ai-media/ai-agi-foom.md
13-technology-applied-sciences/computing-ai-artificial-intelligence/ai-media/ai-learning.md
13-technology-applied-sciences/computing-ai-artificial-intelligence/ai-media/ai-lists.md
13-technology-applied-sciences/computing-ai-artificial-intelligence/ai-media/ai-opinion.md
13-technology-applied-sciences/computing-ai-artificial-intelligence/ai-media/ai-policy.md
13-technology-applied-sciences/computing-ai-artificial-intelligence/ai-media/ai-reference.md
13-technology-applied-sciences/computing-ai-artificial-intelligence/ai-media/ai-threat.md
13-technology-applied-sciences/computing-ai-artificial-intelligence/ai-media/ai-training.md
13-technology-applied-sciences/computing-ai-artificial-intelligence/ai-media/ai-trends.md
13-technology-applied-sciences/computing-ai-artificial-intelligence/ai-media/ai-uses.md
13-technology-applied-sciences/computing-ai-artificial-intelligence/ai-organizations/README.md
13-technology-applied-sciences/computing-ai-artificial-intelligence/ai-peeps/thaeyne-com.md
13-technology-applied-sciences/computing-ai-artificial-intelligence/ai-poi-points-of-interest/README.md
13-technology-applied-sciences/computing-ai-artificial-intelligence/ai-poi-points-of-interest/gltf.md
13-technology-applied-sciences/computing-ai-artificial-intelligence/ai-poi-points-of-interest/kaiber.md
13-technology-applied-sciences/computing-ai-artificial-intelligence/ai-poi-points-of-interest/runway.md
13-technology-applied-sciences/computing-ai-artificial-intelligence/ai-robots-av/2023-05-07-README.md
13-technology-applied-sciences/computing-ai-artificial-intelligence/ai-robots-av/README.md
13-technology-applied-sciences/computing-ai-artificial-intelligence/zzz-0-ai-journal.md
13-technology-applied-sciences/computing-software/languages/JavaScript/README.md
13-technology-applied-sciences/computing-software/languages/JavaScript/javascript-anchors.md
13-technology-applied-sciences/computing-software/languages/JavaScript/javascript-array.md
13-technology-applied-sciences/computing-software/languages/JavaScript/javascript-iframe.md
13-technology-applied-sciences/computing-software/languages/JavaScript/javascript-libraries.md
13-technology-applied-sciences/computing-software/languages/JavaScript/javascript-theo.md
13-technology-applied-sciences/computing-software/languages/JavaScript/javascript-tips-peeps.md
13-technology-applied-sciences/computing-software/languages/JavaScript/javascript.md
13-technology-applied-sciences/computing-software/languages/JavaScript/javasvript-modules.md
13-technology-applied-sciences/computing-software/languages/JavaScript/json-tree-data.md
13-technology-applied-sciences/computing-software/languages/JavaScript/pure-javascript.md
13-technology-applied-sciences/computing-software/languages/JavaScript/regex.md
13-technology-applied-sciences/computing-software/languages/JavaScript/shaders.md
13-technology-applied-sciences/computing-software/languages/JavaScript/webgl.md
13-technology-applied-sciences/computing-software/languages/css-fonts/css-chars-fonts.md
13-technology-applied-sciences/computing-software/languages/css-fonts/css-intro.md
13-technology-applied-sciences/computing-software/languages/css-fonts/css.md
13-technology-applied-sciences/computing-software/languages/css-fonts/fonts.md
13-technology-applied-sciences/computing-software/languages/css-fonts/themes.md
13-technology-applied-sciences/computing-software/languages/markup-languages/canvas.md
13-technology-applied-sciences/computing-software/languages/markup-languages/content-editable.md
13-technology-applied-sciences/computing-software/languages/markup-languages/html-2.md
13-technology-applied-sciences/computing-software/languages/markup-languages/html-css.md
13-technology-applied-sciences/computing-software/languages/markup-languages/html.md
13-technology-applied-sciences/computing-software/languages/markup-languages/markdown/README.md
13-technology-applied-sciences/computing-software/languages/markup-languages/markdown/markdown-cheat-sheet-simple.md
13-technology-applied-sciences/computing-software/languages/markup-languages/markdown/markdown-cheat-sheet.md
13-technology-applied-sciences/computing-software/languages/markup-languages/markdown/markdown-gfm.md
13-technology-applied-sciences/computing-software/languages/markup-languages/markdown/markdown-reference.md
13-technology-applied-sciences/computing-software/languages/python/README.md
13-technology-applied-sciences/computing-software/languages/python/python-tutor.md
13-technology-applied-sciences/computing-software/open-source/open-source-+.md
13-technology-applied-sciences/computing-software/open-source/open-source-guide.md
13-technology-applied-sciences/computing-software/open-source/open-source-guides.md
13-technology-applied-sciences/computing-software/open-source/open-source-money-making.md
13-technology-applied-sciences/computing-software/operating-systems/TheoTerminalTweaks.md
13-technology-applied-sciences/computing-software/operating-systems/android.md
13-technology-applied-sciences/computing-software/operating-systems/file-systems.md
13-technology-applied-sciences/computing-software/operating-systems/linux-2.md
13-technology-applied-sciences/computing-software/operating-systems/linux.md
13-technology-applied-sciences/computing-software/operating-systems/windows/win-command-prompt.md
13-technology-applied-sciences/computing-software/operating-systems/windows/windows-10.md
13-technology-applied-sciences/computing-software/operating-systems/windows/windows-11.md
13-technology-applied-sciences/computing-software/operating-systems/windows/windows-reset.md
13-technology-applied-sciences/computing-software/operating-systems/windows/windows-terminal.md
13-technology-applied-sciences/computing-software/operating-systems/windows/windows.md
13-technology-applied-sciences/computing-software/operating-systems/windows/wsl.md
13-technology-applied-sciences/computing-software/quiet/angular.md
13-technology-applied-sciences/computing-software/quiet/eslint.md
13-technology-applied-sciences/computing-software/software-by-type/3d-viz.md
13-technology-applied-sciences/computing-software/software-by-type/3d.md
13-technology-applied-sciences/computing-software/software-by-type/apps.md
13-technology-applied-sciences/computing-software/software-by-type/archive-files.md
13-technology-applied-sciences/computing-software/software-by-type/aspirational-development.md
13-technology-applied-sciences/computing-software/software-by-type/bookmarking-apps.md
13-technology-applied-sciences/computing-software/software-by-type/bookmarklets.md
13-technology-applied-sciences/computing-software/software-by-type/cad-file-viewers.md
13-technology-applied-sciences/computing-software/software-by-type/chrome-text-editers.md
13-technology-applied-sciences/computing-software/software-by-type/content-delivery-network.md
13-technology-applied-sciences/computing-software/software-by-type/context-menu.md
13-technology-applied-sciences/computing-software/software-by-type/data-sync.md
13-technology-applied-sciences/computing-software/software-by-type/drawing-svg/draw-apps.md
13-technology-applied-sciences/computing-software/software-by-type/drawing-svg/draw-content.md
13-technology-applied-sciences/computing-software/software-by-type/drawing-svg/draw-svg-vector.md
13-technology-applied-sciences/computing-software/software-by-type/drawing-svg/drawing-online-for beginners.md
13-technology-applied-sciences/computing-software/software-by-type/drawing-svg/inkscape.md
13-technology-applied-sciences/computing-software/software-by-type/drawing-svg/krita.md
13-technology-applied-sciences/computing-software/software-by-type/drawing-svg/paint-apps.md
13-technology-applied-sciences/computing-software/software-by-type/drawing-svg/png-to-svg.md
13-technology-applied-sciences/computing-software/software-by-type/drawing-svg/whiteboarding.md
13-technology-applied-sciences/computing-software/software-by-type/editor-html-browser.md
13-technology-applied-sciences/computing-software/software-by-type/kiosk.md
13-technology-applied-sciences/computing-software/software-by-type/kvm.md
13-technology-applied-sciences/computing-software/software-by-type/note-taking.md
13-technology-applied-sciences/computing-software/software-by-type/open-source-guide.md
13-technology-applied-sciences/computing-software/software-by-type/open-source-guides.md
13-technology-applied-sciences/computing-software/software-by-type/open-source.md
13-technology-applied-sciences/computing-software/software-by-type/opentecture.md
13-technology-applied-sciences/computing-software/software-by-type/pdf.md
13-technology-applied-sciences/computing-software/software-by-type/scanning-sheetfed-flatbed-phone.md
13-technology-applied-sciences/computing-software/software-by-type/screensavers.md
13-technology-applied-sciences/computing-software/software-by-type/sensay.md
13-technology-applied-sciences/computing-software/software-by-type/software-quality-metrics.md
13-technology-applied-sciences/computing-software/software-by-type/text-expansion.md
13-technology-applied-sciences/computing-software/software-by-type/theo-github-files-edit.md
13-technology-applied-sciences/computing-software/software-by-type/utilities.md
13-technology-applied-sciences/computing-software/software-by-type/video-streaming.md
13-technology-applied-sciences/computing-software/software-by-type/visualization.md
13-technology-applied-sciences/computing-software/software-by-type/voice-to-text/0-voice-to-text.md
13-technology-applied-sciences/computing-software/software-by-type/webgl-game-engines.md
13-technology-applied-sciences/computing-software/software-by-type/wifi-internet-connectivity.md
13-technology-applied-sciences/computing-software/software-by-vendor/aquavoice.md
13-technology-applied-sciences/computing-software/software-by-vendor/audiopen.md
13-technology-applied-sciences/computing-software/software-by-vendor/audiopen2.md
13-technology-applied-sciences/computing-software/software-by-vendor/auto-text-expander.json
13-technology-applied-sciences/computing-software/software-by-vendor/autohotkey.md
13-technology-applied-sciences/computing-software/software-by-vendor/automattic/README.md
13-technology-applied-sciences/computing-software/software-by-vendor/beyond-compare.md
13-technology-applied-sciences/computing-software/software-by-vendor/chirp.md
13-technology-applied-sciences/computing-software/software-by-vendor/codesandbox-snippet.md
13-technology-applied-sciences/computing-software/software-by-vendor/codesandbox.md
13-technology-applied-sciences/computing-software/software-by-vendor/dictanote-voice-in.md
13-technology-applied-sciences/computing-software/software-by-vendor/dictanote-voice-in2.md
13-technology-applied-sciences/computing-software/software-by-vendor/dropbox.md
13-technology-applied-sciences/computing-software/software-by-vendor/evernote.md
13-technology-applied-sciences/computing-software/software-by-vendor/flickr.md
13-technology-applied-sciences/computing-software/software-by-vendor/git.md
13-technology-applied-sciences/computing-software/software-by-vendor/gitlab.md
13-technology-applied-sciences/computing-software/software-by-vendor/glitch.md
13-technology-applied-sciences/computing-software/software-by-vendor/google-photos copy.md
13-technology-applied-sciences/computing-software/software-by-vendor/google-photos.md
13-technology-applied-sciences/computing-software/software-by-vendor/google/README.md
13-technology-applied-sciences/computing-software/software-by-vendor/google/chrome-browser.md
13-technology-applied-sciences/computing-software/software-by-vendor/google/chrome-console.md
13-technology-applied-sciences/computing-software/software-by-vendor/google/chrome-text-editers.md
13-technology-applied-sciences/computing-software/software-by-vendor/google/chromebook-crouton.md
13-technology-applied-sciences/computing-software/software-by-vendor/google/chromebook-linux.md
13-technology-applied-sciences/computing-software/software-by-vendor/google/chromebook.md
13-technology-applied-sciences/computing-software/software-by-vendor/google/chromecast.md
13-technology-applied-sciences/computing-software/software-by-vendor/google/contacts.md
13-technology-applied-sciences/computing-software/software-by-vendor/google/gmail-filters.md
13-technology-applied-sciences/computing-software/software-by-vendor/google/gmail.md
13-technology-applied-sciences/computing-software/software-by-vendor/google/gmail2.md
13-technology-applied-sciences/computing-software/software-by-vendor/google/google-calendar.md
13-technology-applied-sciences/computing-software/software-by-vendor/google/google-drive.md
13-technology-applied-sciences/computing-software/software-by-vendor/google/google-fit-api.md
13-technology-applied-sciences/computing-software/software-by-vendor/google/google-photos.md
13-technology-applied-sciences/computing-software/software-by-vendor/google/google-photos2.md
13-technology-applied-sciences/computing-software/software-by-vendor/google/google.md
13-technology-applied-sciences/computing-software/software-by-vendor/groups-io.md
13-technology-applied-sciences/computing-software/software-by-vendor/kofax-power-pdf.md
13-technology-applied-sciences/computing-software/software-by-vendor/libre-office.md
13-technology-applied-sciences/computing-software/software-by-vendor/linkedin.md
13-technology-applied-sciences/computing-software/software-by-vendor/microsoft/2024-01-24-microsoft-children.md
13-technology-applied-sciences/computing-software/software-by-vendor/microsoft/GitHub/github-api-short.md
13-technology-applied-sciences/computing-software/software-by-vendor/microsoft/GitHub/github-api.md
13-technology-applied-sciences/computing-software/software-by-vendor/microsoft/GitHub/github-dev.md
13-technology-applied-sciences/computing-software/software-by-vendor/microsoft/GitHub/github-issue-template.md
13-technology-applied-sciences/computing-software/software-by-vendor/microsoft/GitHub/github-issues-header.md
13-technology-applied-sciences/computing-software/software-by-vendor/microsoft/GitHub/github.md
13-technology-applied-sciences/computing-software/software-by-vendor/microsoft/README.md
13-technology-applied-sciences/computing-software/software-by-vendor/microsoft/image/word/1725914640895.docx
13-technology-applied-sciences/computing-software/software-by-vendor/microsoft/image/word/1725914641305.docx
13-technology-applied-sciences/computing-software/software-by-vendor/microsoft/ms365/excel.md
13-technology-applied-sciences/computing-software/software-by-vendor/microsoft/ms365/microsoft-365.md
13-technology-applied-sciences/computing-software/software-by-vendor/microsoft/ms365/onenote.md
13-technology-applied-sciences/computing-software/software-by-vendor/microsoft/ms365/outlook.md
13-technology-applied-sciences/computing-software/software-by-vendor/microsoft/ms365/outlook2.md
13-technology-applied-sciences/computing-software/software-by-vendor/microsoft/ms365/word-mailmerge.md
13-technology-applied-sciences/computing-software/software-by-vendor/microsoft/ms365/word-template.md
13-technology-applied-sciences/computing-software/software-by-vendor/microsoft/ms365/word.md
13-technology-applied-sciences/computing-software/software-by-vendor/microsoft/vscode/extensions/Voice Assistant for VSCode.md
13-technology-applied-sciences/computing-software/software-by-vendor/microsoft/vscode/extensions/excalidraw.md
13-technology-applied-sciences/computing-software/software-by-vendor/microsoft/vscode/extensions/favorites-vscode.md
13-technology-applied-sciences/computing-software/software-by-vendor/microsoft/vscode/extensions/figma.md
13-technology-applied-sciences/computing-software/software-by-vendor/microsoft/vscode/extensions/foam.md
13-technology-applied-sciences/computing-software/software-by-vendor/microsoft/vscode/extensions/voice-assistant.json
13-technology-applied-sciences/computing-software/software-by-vendor/microsoft/vscode/extensions/vscode-extensions.md
13-technology-applied-sciences/computing-software/software-by-vendor/microsoft/vscode/extensions/vscode-markdown-pdf.md
13-technology-applied-sciences/computing-software/software-by-vendor/microsoft/vscode/vscode-codesandbox.md
13-technology-applied-sciences/computing-software/software-by-vendor/microsoft/vscode/vscode-copilot-journal.md
13-technology-applied-sciences/computing-software/software-by-vendor/microsoft/vscode/vscode-copilot.md
13-technology-applied-sciences/computing-software/software-by-vendor/microsoft/vscode/vscode-online-services.md
13-technology-applied-sciences/computing-software/software-by-vendor/microsoft/vscode/vscode-tips.md
13-technology-applied-sciences/computing-software/software-by-vendor/microsoft/vscode/vscode.md
13-technology-applied-sciences/computing-software/software-by-vendor/microsoft/vscode/xxx-vscode-memo-plugin-help.md
13-technology-applied-sciences/computing-software/software-by-vendor/mint.md
13-technology-applied-sciences/computing-software/software-by-vendor/notion.md
13-technology-applied-sciences/computing-software/software-by-vendor/obsidian.md
13-technology-applied-sciences/computing-software/software-by-vendor/openStudio.md
13-technology-applied-sciences/computing-software/software-by-vendor/openstreetmaps.md
13-technology-applied-sciences/computing-software/software-by-vendor/plaud/0-plaud.md
13-technology-applied-sciences/computing-software/software-by-vendor/radiance.md
13-technology-applied-sciences/computing-software/software-by-vendor/raindrop-io.md
13-technology-applied-sciences/computing-software/software-by-vendor/raindropio.md
13-technology-applied-sciences/computing-software/software-by-vendor/rocketbook.md
13-technology-applied-sciences/computing-software/software-by-vendor/sharedigm.md
13-technology-applied-sciences/computing-software/software-by-vendor/sharpkeys.md
13-technology-applied-sciences/computing-software/software-by-vendor/speechnotes.md
13-technology-applied-sciences/computing-software/software-by-vendor/squarespace.md
13-technology-applied-sciences/computing-software/software-by-vendor/telegram.md
13-technology-applied-sciences/computing-software/software-by-vendor/tiller.md
13-technology-applied-sciences/computing-software/software-by-vendor/tumblr.md
13-technology-applied-sciences/computing-software/software-by-vendor/turbotax-taxes.md
13-technology-applied-sciences/computing-software/software-by-vendor/twitter-api.md
13-technology-applied-sciences/computing-software/software-by-vendor/zapier/0-zapier.md
13-technology-applied-sciences/computing-software/software-by-vendor/zoom.md
13-technology-applied-sciences/computing-software/utilities-online/README.md
13-technology-applied-sciences/computing/README.md
13-technology-applied-sciences/computing/computer-science.md
13-technology-applied-sciences/computing/computer-standards.md
13-technology-applied-sciences/computing/internet/README.md
13-technology-applied-sciences/computing/libraries-api-utilities/README.md
13-technology-applied-sciences/computing/libraries-api-utilities/bash.md
13-technology-applied-sciences/computing/libraries-api-utilities/cad-cam.md
13-technology-applied-sciences/computing/libraries-api-utilities/ckeditor.md
13-technology-applied-sciences/computing/libraries-api-utilities/curl.md
13-technology-applied-sciences/computing/libraries-api-utilities/dat-gui.md
13-technology-applied-sciences/computing/libraries-api-utilities/three.js/threejs-draw-things.md
13-technology-applied-sciences/computing/libraries-api-utilities/three.js/threejs-links.md
13-technology-applied-sciences/computing/libraries-api-utilities/three.js/threejs-settings-helpers.md
13-technology-applied-sciences/computing/libraries-api-utilities/three.js/threejs-tutorials.md
13-technology-applied-sciences/computing/libraries-api-utilities/three.js/threejs.md
13-technology-applied-sciences/computing/libraries-api-utilities/web-audio.md
13-technology-applied-sciences/computing/quiet/add-a-line.md
13-technology-applied-sciences/computing/quiet/codebox-snippet.md
13-technology-applied-sciences/computing/quiet/eslint.md
13-technology-applied-sciences/computing/quiet/gitlab.md
13-technology-applied-sciences/computing/quiet/glitch.md
13-technology-applied-sciences/computing/quiet/google-home.md
13-technology-applied-sciences/computing/quiet/node.md
13-technology-applied-sciences/computing/quiet/notepad++.md
13-technology-applied-sciences/computing/quiet/radiance.md
13-technology-applied-sciences/computing/quiet/shaders.md
13-technology-applied-sciences/computing/quiet/superhuman.md
13-technology-applied-sciences/computing/quiet/twitter-api.md
13-technology-applied-sciences/computing/user-experience/README.md
13-technology-applied-sciences/computing/user-experience/accessibility.md
13-technology-applied-sciences/computing/user-experience/colophon.md
13-technology-applied-sciences/computing/user-experience/jaanga/code-mission-vision-r1.md
13-technology-applied-sciences/computing/user-experience/jaanga/code-style.md
13-technology-applied-sciences/computing/user-experience/jaanga/code-url-names-r1.md
13-technology-applied-sciences/computing/user-experience/jaanga/github-things-r1.md
13-technology-applied-sciences/computing/user-experience/jaanga/jaanga-civility-r1.md
13-technology-applied-sciences/computing/user-experience/jaanga/jaanga-manifesto-r1.md
13-technology-applied-sciences/computing/user-experience/jaanga/jaanga-pedagogy-r1.md
13-technology-applied-sciences/computing/user-experience/jaanga/jaanga-tech-r1.md
13-technology-applied-sciences/computing/user-experience/jaanga/jaanga-user-experience-r1.md
13-technology-applied-sciences/computing/user-experience/jaanga/links-of-interest.md
13-technology-applied-sciences/computing/user-experience/jaanga/mailing-list-features-benefits.md
13-technology-applied-sciences/computing/user-experience/jaanga/readme.md
13-technology-applied-sciences/electronics/telecommunications/amateur-radio-ham/README.md
13-technology-applied-sciences/electronics/telecommunications/amateur-radio-ham/amateur-radio.md
13-technology-applied-sciences/electronics/telecommunications/amateur-radio-ham/baofeng-bf-f8hp.md
13-technology-applied-sciences/electronics/telecommunications/amateur-radio-ham/ham-radio-license.md
13-technology-applied-sciences/electronics/telecommunications/amateur-radio-ham/tidradio.md
13-technology-applied-sciences/electronics/telecommunications/kenwood-ts-590s.md
13-technology-applied-sciences/environmental-technology/Air-Quality-Monitor-xxx.md
13-technology-applied-sciences/environmental-technology/air-quality.md
13-technology-applied-sciences/environmental-technology/temtop-lkc-1000s-pm25-air-quality-detector-hcho-tvoc-histogramtemtop-625567_1024x1024.jpg
13-technology-applied-sciences/environmental-technology/temtop-m2000-2nd-air-quality-monitor-with-data-export-functiontemtop-821410_1024x1024.jpg
13-technology-applied-sciences/hardware-tech/README.md
13-technology-applied-sciences/hardware-tech/augmented-reality-ar.md
13-technology-applied-sciences/hardware-tech/displays-monitors.md
13-technology-applied-sciences/hardware-tech/electric-battery.md
13-technology-applied-sciences/hardware-tech/hardware.md
13-technology-applied-sciences/hardware-tech/keyboards/README.md
13-technology-applied-sciences/hardware-tech/keyboards/program-keypad.md
13-technology-applied-sciences/hardware-tech/printers.md
13-technology-applied-sciences/hardware-tech/quiet-backup-alarms.md
13-technology-applied-sciences/hardware-tech/robotics.md
13-technology-applied-sciences/hardware-tech/tablets.md
13-technology-applied-sciences/hardware-tech/walkers.md
13-technology-applied-sciences/hardware-tech/water.md
13-technology-applied-sciences/hardware-tech/woodworking.md
13-technology-applied-sciences/optical-devices/README.md
13-technology-applied-sciences/optical-devices/camera-ptz-telephoto.md
13-technology-applied-sciences/optical-devices/eyeglasses.md
13-technology-applied-sciences/transport/README.md
13-technology-applied-sciences/transport/di-blasi.md
404.html
LICENSE
README.md
favicon.ico
index-2023-10-14.html
index.html
readme-old.html
readme.html
tootoo/0-archive/2023/tootoo/2023-10-14/frx-file-read-xhr.js
tootoo/0-archive/2023/tootoo/2023-10-14/grv-github-repo-tree-view.js
tootoo/0-archive/2023/tootoo/2023-10-14/handlers/README.md
tootoo/0-archive/2023/tootoo/2023-10-14/handlers/htm-html-handler.js
tootoo/0-archive/2023/tootoo/2023-10-14/handlers/img-image-handler.js
tootoo/0-archive/2023/tootoo/2023-10-14/handlers/mdn-markdown-handler.js
tootoo/0-archive/2023/tootoo/2023-10-14/handlers/unk-unknown-handler.js
tootoo/0-archive/2023/tootoo/2023-10-14/handlers/zip-handler.js
tootoo/0-archive/2023/tootoo/2023-10-14/mnu-menu.js
tootoo/0-archive/2023/tootoo/2023-10-14/readme.html
tootoo/0-archive/2023/tootoo/2023-10-14/style.css
tootoo/0-archive/2023/tootoo/2023-10-14/tootoo.html
tootoo/0-archive/2023/tootoo/README.md
tootoo/0-archive/2023/tootoo/index.html
tootoo/0-archive/2023/tootoo/readme.html
tootoo/2025-01-16/gfo/README.md
tootoo/2025-01-16/gfo/github-file-open.html
tootoo/2025-01-16/gfo/github-file-open.js
tootoo/2025-01-16/gte/github-tree-edit.html
tootoo/2025-01-16/gte/github-tree-edit.js
tootoo/2025-01-16/gtv/github-tree-view.html
tootoo/2025-01-16/gtv/github-tree-view.js
tootoo/2025-01-16/style.css
tootoo/2025-01-16/tootoo-edit.html
tootoo/2025-01-16/tootoo.html
tootoo/2025-05-18-2/edit/github-tootoo-edit.js
tootoo/2025-05-18-2/edit/index.html
tootoo/2025-05-18-2/edit/notesy.html
tootoo/2025-05-18-2/edit/tootoo-edit.html
tootoo/2025-05-18-2/gfo/README.md
tootoo/2025-05-18-2/gfo/github-file-open.html
tootoo/2025-05-18-2/gfo/github-file-open.js
tootoo/2025-05-18-2/gtv/github-tree-view.html
tootoo/2025-05-18-2/gtv/github-tree-view.js
tootoo/2025-05-18-2/iframe-text.html
tootoo/2025-05-18-2/main.js
tootoo/2025-05-18-2/style-core.css
tootoo/2025-05-18-2/tootoo.html
tootoo/2025-05-26-2/gfd/github-file-display.html
tootoo/2025-05-26-2/gfd/github-file-display.js
tootoo/2025-05-26-2/gfo-e/README.md
tootoo/2025-05-26-2/gfo-e/github-file-open-edit.html
tootoo/2025-05-26-2/gfo-e/github-file-open-edit.js
tootoo/2025-05-26-2/gfo/README.md
tootoo/2025-05-26-2/gfo/github-file-open.html
tootoo/2025-05-26-2/gfo/github-file-open.js
tootoo/2025-05-26-2/gtv-e/github-tree-view-edit.html
tootoo/2025-05-26-2/gtv-e/github-tree-view-edit.js
tootoo/2025-05-26-2/gtv/README.md
tootoo/2025-05-26-2/gtv/github-tree-view.html
tootoo/2025-05-26-2/gtv/github-tree-view.js
tootoo/2025-05-26-2/index.html
tootoo/2025-05-26-2/main.js
tootoo/2025-05-26-2/notesy-copy.html
tootoo/2025-05-26-2/notesy.html
tootoo/2025-05-26-2/readme.html
tootoo/2025-05-26-2/style-core.css
tootoo/2025-05-26-2/tootoo-edit.html
tootoo/2025-05-26-2/tootoo.html
tootoo/2025-05-27/gfo-e/README.md
tootoo/2025-05-27/gfo-e/github-file-open-edit.html
tootoo/2025-05-27/gfo-e/github-file-open-edit.js
tootoo/2025-05-27/gfo/README.md
tootoo/2025-05-27/gfo/github-file-open.html
tootoo/2025-05-27/gfo/github-file-open.js
tootoo/2025-05-27/gtv-e/github-tree-view-edit.html
tootoo/2025-05-27/gtv-e/github-tree-view-edit.js
tootoo/2025-05-27/gtv/README.md
tootoo/2025-05-27/gtv/github-tree-view.html
tootoo/2025-05-27/gtv/github-tree-view.js
tootoo/2025-05-27/index.html
tootoo/2025-05-27/main.js
tootoo/2025-05-27/notesy.html
tootoo/2025-05-27/readme.html
tootoo/2025-05-27/style-core.css
tootoo/2025-05-27/tootoo-edit.html
tootoo/2025-05-27/tootoo.html
tootoo/2025-06-01/gfo/README.md
tootoo/2025-06-01/gfo/github-file-open.html
tootoo/2025-06-01/gfo/github-file-open.js
tootoo/2025-06-01/ggpf/0-github-get-put-file.html
tootoo/2025-06-01/ggpf/github-get-put-file.html
tootoo/2025-06-01/ggpf/index.html
tootoo/2025-06-01/gtv-e/github-tree-view-edit.html
tootoo/2025-06-01/gtv-e/github-tree-view-edit.js
tootoo/2025-06-01/gtv/README.md
tootoo/2025-06-01/gtv/blog/2025-05-27-test.md
tootoo/2025-06-01/gtv/blog/2025-05-28-test.md
tootoo/2025-06-01/gtv/blog/2025-05-29-test.md
tootoo/2025-06-01/gtv/github-tree-view.html
tootoo/2025-06-01/gtv/github-tree-view.js
tootoo/2025-06-01/index.html
tootoo/2025-06-01/main-qdata.js
tootoo/2025-06-01/main.js
tootoo/2025-06-01/readme.html
tootoo/2025-06-01/style-core.css
tootoo/2025-06-01/tootoo-edit.html
tootoo/2025-06-01/tootoo.html
tootoo/2025-06-03/gfo/README.md
tootoo/2025-06-03/gfo/github-file-open.html
tootoo/2025-06-03/gfo/github-file-open.js
tootoo/2025-06-03/gfo/index.html
tootoo/2025-06-03/ggpf/0-github-get-put-file.html
tootoo/2025-06-03/ggpf/github-get-put-file.html
tootoo/2025-06-03/ggpf/index.html
tootoo/2025-06-03/gtv-e/github-tree-view-edit.html
tootoo/2025-06-03/gtv-e/github-tree-view-edit.js
tootoo/2025-06-03/gtv/README.md
tootoo/2025-06-03/gtv/blog/2025-05-27-test.md
tootoo/2025-06-03/gtv/blog/2025-05-28-test.md
tootoo/2025-06-03/gtv/blog/2025-05-29-test.md
tootoo/2025-06-03/gtv/github-tree-view.html
tootoo/2025-06-03/gtv/github-tree-view.js
tootoo/2025-06-03/gtv/index.html
tootoo/2025-06-03/index.html
tootoo/2025-06-03/main.js
tootoo/2025-06-03/readme.html
tootoo/2025-06-03/style-core.css
tootoo/2025-06-03/tootoo-edit.html
tootoo/2025-06-03/tootoo.html
tootoo/2025-06-04/gfo/README.md
tootoo/2025-06-04/gfo/github-file-open.html
tootoo/2025-06-04/gfo/github-file-open.js
tootoo/2025-06-04/gfo/index.html
tootoo/2025-06-04/ggpf/0-github-get-put-file.html
tootoo/2025-06-04/ggpf/github-get-put-file.html
tootoo/2025-06-04/ggpf/index.html
tootoo/2025-06-04/gtv-e/github-tree-view-edit.html
tootoo/2025-06-04/gtv-e/github-tree-view-edit.js
tootoo/2025-06-04/gtv/README.md
tootoo/2025-06-04/gtv/blog/2025-05-27-test.md
tootoo/2025-06-04/gtv/blog/2025-05-28-test.md
tootoo/2025-06-04/gtv/blog/2025-05-29-test.md
tootoo/2025-06-04/gtv/github-tree-view.html
tootoo/2025-06-04/gtv/github-tree-view.js
tootoo/2025-06-04/gtv/index.html
tootoo/2025-06-04/index.html
tootoo/2025-06-04/main.js
tootoo/2025-06-04/readme.html
tootoo/2025-06-04/style-core.css
tootoo/2025-06-04/tootoo-edit.html
tootoo/2025-06-04/tootoo.html
tootoo/2025-06-09/gfo/README.md
tootoo/2025-06-09/gfo/github-file-open.html
tootoo/2025-06-09/gfo/github-file-open.js
tootoo/2025-06-09/gfo/index.html
tootoo/2025-06-09/ggpf/0-github-get-put-file.html
tootoo/2025-06-09/ggpf/README.md
tootoo/2025-06-09/ggpf/github-get-put-file.html
tootoo/2025-06-09/ggpf/index.html
tootoo/2025-06-09/gtv/README.md
tootoo/2025-06-09/gtv/blog/2025-05-27-test.md
tootoo/2025-06-09/gtv/blog/2025-05-28-test.md
tootoo/2025-06-09/gtv/blog/2025-05-29-test.md
tootoo/2025-06-09/gtv/github-tree-view.html
tootoo/2025-06-09/gtv/github-tree-view.js
tootoo/2025-06-09/gtv/index.html
tootoo/2025-06-09/index.html
tootoo/2025-06-09/main.js
tootoo/2025-06-09/print.html
tootoo/2025-06-09/readme.html
tootoo/2025-06-09/style-core.css
tootoo/2025-06-09/tootoo-eded.html
tootoo/2025-06-09/tootoo.html
tootoo/README.md
tootoo/config.js
tootoo/index.html
tootoo/readme.html
